149,1,C01,149-1.png,1
149,2,C15,149-2.png,2
149,3,C04,149-3.png,3
149,4,C14,149-4.png,4
149,5,C10,149-5.png,5
149,6,C03,149-6.png,6
149,7,C05,149-7.png,7
149,8,C12,149-8.png,8
149,10,C20,149-10.png,10
150,1,C01,150-1.png,1
150,4,C10,150-4.png,4
150,5,C16,150-5.png,5
150,6,C03,150-6.png,6
150,8,C10,150-8.png,8
150,12,C08,150-12.png,12
158,1,C01,158-1.png,1
158,2,C05,158-2.png,2
158,3,C18,158-3.png,3
158,4,C05,158-4.png,4
158,5,C04,158-5.png,5
159,1,C01,159-1.png,1
159,3,C05,159-3.png,3
159,4,C04,159-4.png,4
160,1,C01,160-1.png,1
160,2,C22,160-2.png,2
160,3,C05,160-3.png,3
160,4,C05,160-4.png,4
160,5,C04,160-5.png,5
161,1,C01,161-1.png,1
161,3,C22,161-3.png,3
161,4,C05,161-4.png,4
161,5,C27,161-5.png,5
162,1,C01,162-1.png,1
162,2,C12,162-2.png,2
162,4,C05,162-4.png,4
162,5,C04,162-5.png,5
163,1,C01,163-1.png,1
163,2,C22,163-2.png,2
163,3,C12,163-3.png,3
163,4,C05,163-4.png,4
163,5,C23,163-5.png,5
164,1,C01,164-1.png,1
164,2,C22,164-2.png,2
164,3,C05,164-3.png,3
164,4,C04,164-4.png,4
165,1,C01,165-1.png,1
165,2,C05,165-2.png,2
165,3,C12,165-3.png,3
165,4,C05,165-4.png,4
165,5,C04,165-5.png,5
165,6,C27,165-6.png,6
167,1,C01,167-1.png,1
167,2,C05,167-2.png,2
167,3,C12,167-3.png,3
168,1,C01,168-1.png,1
168,2,C05,168-2.png,2
168,3,C12,168-3.png,3
169,1,C01,169-1.png,1
169,2,C05,169-2.png,2
169,3,C02,169-3.png,3
170,1,C01,170-1.png,1
170,2,C05,170-2.png,2
170,3,C02,170-3.png,3